invoice_id,customer_id,invoice_date,ship_date,amount,payment_terms_days,quarter,payment_date,is_paid
INV2058,CUST103,2025-01-01,2024-12-30,5544.89,45,1,2025-01-25,True
INV2074,CUST117,2025-01-02,2024-12-31,6579.43,60,1,2025-04-07,True
INV2010,CUST113,2025-01-03,2025-01-01,2640.39,60,1,2025-02-11,True
INV2060,CUST122,2025-01-03,2025-01-01,7605.61,30,1,2025-01-22,True
INV2072,CUST112,2025-01-04,2025-01-02,4942.04,60,1,2025-02-06,True
INV2073,CUST113,2025-01-04,2025-01-03,7687.64,60,1,2025-02-23,True
INV2009,CUST125,2025-01-05,2025-01-03,13333.14,45,1,2025-02-09,True
INV2079,CUST102,2025-01-05,2025-01-03,2257.17,60,1,2025-03-20,True
INV2006,CUST117,2025-01-06,2025-01-05,4676.4,60,1,2025-02-11,True
INV2047,CUST117,2025-01-08,2025-01-08,2834.37,60,1,2025-02-13,True
INV2030,CUST113,2025-01-08,2025-01-08,12001.04,60,1,2025-05-14,True
INV2055,CUST129,2025-01-08,2025-01-06,2418.98,60,1,2025-08-01,True
INV2040,CUST132,2025-01-08,2025-01-06,3979.54,60,1,2025-01-29,True
INV2053,CUST112,2025-01-09,2025-01-07,2321.04,60,1,2025-02-19,True
INV2046,CUST108,2025-01-16,2025-01-14,5121.64,45,1,2025-03-10,True
INV2036,CUST128,2025-01-16,2025-01-15,1649.74,60,1,2025-06-05,True
INV2061,CUST120,2025-01-16,2025-01-15,2558.8,60,1,2025-03-07,True
INV2032,CUST110,2025-01-19,2025-01-19,3214.31,45,1,2025-02-25,True
INV2057,CUST129,2025-01-19,2025-01-17,3006.88,60,1,2025-07-31,True
INV2051,CUST134,2025-01-20,2025-01-18,2088.89,45,1,2025-06-14,True
INV2044,CUST103,2025-01-20,2025-01-19,7290.9,45,1,2025-02-23,True
INV2012,CUST121,2025-01-22,2025-01-21,1905.53,60,1,2025-07-10,True
INV2025,CUST108,2025-01-22,2025-01-20,1473.93,45,1,2025-03-24,True
INV2048,CUST129,2025-01-22,2025-01-20,2031.01,60,1,2025-04-22,True
INV2011,CUST116,2025-01-22,2025-01-22,5583.84,30,1,2025-02-10,True
INV2082,CUST130,2025-01-22,2025-01-21,2705.09,60,1,2025-03-21,True
INV2052,CUST108,2025-01-24,2025-01-24,2720.67,45,1,2025-05-27,True
INV2056,CUST127,2025-01-27,2025-01-26,1793.11,30,1,2025-02-18,True
INV2066,CUST112,2025-01-28,2025-01-28,5357.71,60,1,2025-03-14,True
INV2003,CUST132,2025-01-30,2025-01-30,1103.37,60,1,2025-03-20,True
INV2008,CUST121,2025-01-31,2025-01-30,1417.75,60,1,2025-04-03,True
INV2007,CUST103,2025-02-01,2025-01-31,3852.92,45,1,2025-03-08,True
INV2033,CUST131,2025-02-01,2025-01-30,6962.0,45,1,2025-03-14,True
INV2062,CUST134,2025-02-02,2025-02-01,1130.7,45,1,2025-06-30,True
INV2043,CUST132,2025-02-04,2025-02-04,1837.47,60,1,2025-09-01,True
INV2070,CUST133,2025-02-04,2025-02-02,3140.55,45,1,2025-03-26,True
INV2024,CUST122,2025-02-04,2025-02-03,7829.6,30,1,2025-03-06,True
INV2020,CUST101,2025-02-06,2025-02-04,3178.56,60,1,2025-06-09,True
INV2076,CUST120,2025-02-06,2025-02-04,1912.55,60,1,2025-03-16,True
INV2022,CUST120,2025-02-09,2025-02-08,3287.17,60,1,2025-05-10,True
INV2069,CUST108,2025-02-09,2025-02-07,4765.75,45,1,2025-03-07,True
INV2045,CUST129,2025-02-09,2025-02-08,8298.09,60,1,2025-05-14,True
INV2019,CUST103,2025-02-10,2025-02-08,4877.66,45,1,2025-02-27,True
INV2016,CUST127,2025-02-10,2025-02-08,4184.26,30,1,2025-02-27,True
INV2035,CUST120,2025-02-10,2025-02-08,6300.92,60,1,2025-03-28,True
INV2002,CUST126,2025-02-12,2025-02-10,3159.59,45,1,2025-08-02,True
INV2054,CUST105,2025-02-12,2025-02-10,12137.83,60,1,2025-04-02,True
INV2049,CUST107,2025-02-12,2025-02-10,2413.61,45,1,2025-02-26,True
INV2005,CUST130,2025-02-13,2025-02-12,6523.62,60,1,2025-08-15,True
INV2037,CUST110,2025-02-14,2025-02-12,7409.68,45,1,2025-06-23,True
INV2063,CUST123,2025-02-18,2025-02-17,3133.73,60,1,2025-03-24,True
INV2027,CUST124,2025-02-18,2025-02-18,3308.93,30,1,2025-03-12,True
INV2028,CUST112,2025-02-20,2025-02-18,6638.65,60,1,2025-04-10,True
INV2065,CUST116,2025-02-21,2025-02-20,1599.2,30,1,2025-03-20,True
INV2004,CUST134,2025-02-22,2025-02-20,6256.03,45,1,2025-04-03,True
INV2078,CUST109,2025-02-23,2025-02-23,2166.95,30,1,2025-03-13,True
INV2050,CUST107,2025-02-25,2025-02-25,2169.24,45,1,2025-04-01,True
INV2075,CUST105,2025-02-25,2025-02-25,1458.68,60,1,2025-04-16,True
INV2001,CUST133,2025-02-26,2025-02-24,2279.46,45,1,2025-04-06,True
INV2017,CUST105,2025-02-27,2025-02-27,13301.29,60,1,2025-04-26,True
INV2018,CUST114,2025-02-27,2025-02-25,5891.15,30,1,2025-03-21,True
INV2059,CUST108,2025-03-02,2025-03-02,7177.74,45,1,2025-04-05,True
INV2041,CUST128,2025-03-03,2025-03-03,3642.27,60,1,2025-05-22,True
INV2068,CUST116,2025-03-05,2025-03-05,2811.01,30,1,2025-03-31,True
INV2038,CUST112,2025-03-07,2025-03-07,4893.28,60,1,2025-05-08,True
INV2071,CUST117,2025-03-08,2025-03-06,6262.62,60,1,2025-05-12,True
INV2031,CUST122,2025-03-09,2025-03-09,1955.04,30,1,2025-07-21,True
INV2042,CUST105,2025-03-09,2025-03-07,1535.18,60,1,2025-06-16,True
INV2015,CUST121,2025-03-12,2025-03-11,1969.44,60,1,2025-05-13,True
INV2034,CUST134,2025-03-13,2025-03-11,2703.03,45,1,2025-04-22,True
INV2023,CUST111,2025-03-14,2025-03-12,2581.91,60,1,2025-05-03,True
INV2013,CUST113,2025-03-14,2025-03-14,4277.66,60,1,2025-04-07,True
INV2026,CUST113,2025-03-15,2025-03-15,5356.9,60,1,2025-05-15,True
INV2014,CUST106,2025-03-18,2025-03-16,7616.2,45,1,2025-04-18,True
INV2039,CUST126,2025-03-19,2025-03-19,2546.5,45,1,2025-09-21,True
INV2081,CUST112,2025-03-20,2025-03-20,1732.52,60,1,2025-05-17,True
INV2080,CUST129,2025-03-21,2025-03-19,1958.79,60,1,2025-04-27,True
INV2029,CUST124,2025-03-24,2025-03-24,2028.78,30,1,2025-04-19,True
INV2021,CUST113,2025-03-25,2025-03-24,1602.28,60,1,2025-05-18,True
INV2067,CUST123,2025-03-25,2025-03-25,3815.24,60,1,2025-05-07,True
INV2064,CUST134,2025-03-26,2025-03-24,2635.96,45,1,2025-04-15,True
INV2077,CUST110,2025-03-26,2025-03-26,8638.86,45,1,2025-04-19,True
INV2094,CUST127,2025-03-28,2025-03-26,1938.24,30,1,2025-05-25,True
INV2096,CUST108,2025-03-28,2025-03-27,3098.17,45,1,2025-05-06,True
INV2091,CUST117,2025-03-28,2025-03-28,7511.05,60,1,2025-05-14,True
INV2104,CUST134,2025-03-28,2025-03-28,3611.41,45,1,2025-05-13,True
INV2100,CUST100,2025-03-28,2025-03-28,3476.85,30,1,2025-04-13,True
INV2090,CUST106,2025-03-28,2025-03-27,3770.51,45,1,2025-05-11,True
INV2087,CUST123,2025-03-28,2025-03-27,5314.82,60,1,2025-05-11,True
INV2089,CUST123,2025-03-28,2025-03-26,1267.65,60,1,2025-05-21,True
INV2086,CUST118,2025-03-28,2025-03-28,4293.98,45,1,2025-08-28,True
INV2083,CUST132,2025-03-28,2025-03-26,1845.3,60,1,2025-05-09,True
INV2084,CUST101,2025-03-28,2025-03-28,2775.15,60,1,2025-05-26,True
INV2088,CUST132,2025-03-29,2025-03-28,7765.05,60,1,2025-06-12,True
INV2105,CUST118,2025-03-29,2025-03-28,3355.65,45,1,2025-07-19,True
INV2101,CUST100,2025-03-29,2025-03-27,1351.9,30,1,2025-04-21,True
INV2423,CUST112,2025-03-30,2025-04-24,45000.0,60,1,2025-06-12,True
INV2106,CUST104,2025-03-30,2025-03-30,7068.83,30,1,2025-04-04,True
INV2103,CUST132,2025-03-30,2025-03-28,4232.58,60,1,2025-05-27,True
INV2097,CUST133,2025-03-30,2025-03-28,3816.53,45,1,2025-05-10,True
INV2099,CUST100,2025-03-30,2025-03-30,8757.33,30,1,2025-04-11,True
INV2085,CUST102,2025-03-30,2025-03-28,7419.32,60,1,2025-05-12,True
INV2098,CUST111,2025-03-31,2025-03-29,4177.11,60,1,2025-06-02,True
INV2093,CUST109,2025-03-31,2025-03-31,4341.74,30,1,2025-08-20,True
INV2092,CUST114,2025-03-31,2025-03-31,4348.96,30,1,2025-04-15,True
INV2102,CUST125,2025-03-31,2025-03-30,9525.65,45,1,2025-05-18,True
INV2095,CUST110,2025-03-31,2025-03-31,3809.32,45,1,2025-05-09,True
INV2154,CUST114,2025-04-01,2025-04-01,5974.6,30,2,2025-05-23,True
INV2114,CUST122,2025-04-01,2025-03-31,2297.46,30,2,2025-04-29,True
INV2128,CUST106,2025-04-02,2025-04-01,841.05,45,2,2025-05-03,True
INV2161,CUST111,2025-04-02,2025-03-31,8390.08,60,2,2025-05-14,True
INV2112,CUST111,2025-04-04,2025-04-02,1643.9,60,2,2025-04-27,True
INV2109,CUST122,2025-04-07,2025-04-06,12962.1,30,2,2025-05-05,True
INV2117,CUST115,2025-04-07,2025-04-06,7036.15,45,2,2025-05-07,True
INV2163,CUST132,2025-04-08,2025-04-07,1806.82,60,2,2025-06-25,True
INV2166,CUST120,2025-04-08,2025-04-08,3394.57,60,2,2025-05-20,True
INV2175,CUST105,2025-04-08,2025-04-07,2341.19,60,2,2025-05-18,True
INV2184,CUST118,2025-04-11,2025-04-11,11542.3,45,2,2025-04-28,True
INV2129,CUST126,2025-04-12,2025-04-12,4932.07,45,2,2025-04-24,True
INV2178,CUST102,2025-04-13,2025-04-13,4712.74,60,2,2025-05-17,True
INV2110,CUST132,2025-04-14,2025-04-13,6214.06,60,2,2025-07-09,True
INV2124,CUST132,2025-04-16,2025-04-14,2171.03,60,2,2025-06-14,True
INV2142,CUST108,2025-04-17,2025-04-15,4609.98,45,2,2025-05-08,True
INV2150,CUST120,2025-04-21,2025-04-21,1552.49,60,2,2025-07-18,True
INV2164,CUST134,2025-04-21,2025-04-21,14225.92,45,2,2025-05-30,True
INV2162,CUST122,2025-04-21,2025-04-21,2289.4,30,2,2025-06-12,True
INV2153,CUST102,2025-04-21,2025-04-21,1666.54,60,2,2025-08-26,True
INV2180,CUST103,2025-04-22,2025-04-22,1247.75,45,2,2025-05-21,True
INV2141,CUST119,2025-04-25,2025-04-23,1637.92,30,2,2025-05-13,True
INV2145,CUST110,2025-04-26,2025-04-24,1427.37,45,2,2025-05-26,True
INV2118,CUST110,2025-04-26,2025-04-25,3166.55,45,2,2025-07-06,True
INV2185,CUST116,2025-04-27,2025-04-27,2678.22,30,2,2025-05-16,True
INV2130,CUST125,2025-04-27,2025-04-25,4003.19,45,2,2025-07-16,True
INV2123,CUST125,2025-04-28,2025-04-28,8966.83,45,2,2025-06-04,True
INV2139,CUST109,2025-04-28,2025-04-28,2986.39,30,2,2025-06-12,True
INV2133,CUST120,2025-04-30,2025-04-30,5623.28,60,2,2025-06-12,True
INV2132,CUST101,2025-05-01,2025-04-30,2429.3,60,2,2025-06-19,True
INV2168,CUST118,2025-05-02,2025-05-02,4264.95,45,2,2025-06-01,True
INV2113,CUST105,2025-05-02,2025-05-01,9420.46,60,2,2025-06-17,True
INV2156,CUST102,2025-05-03,2025-05-01,2844.87,60,2,2025-07-31,True
INV2125,CUST100,2025-05-03,2025-05-01,4194.51,30,2,2025-05-25,True
INV2165,CUST129,2025-05-04,2025-05-03,5268.22,60,2,2025-06-13,True
INV2115,CUST113,2025-05-04,2025-05-04,5273.59,60,2,2025-07-01,True
INV2143,CUST106,2025-05-05,2025-05-04,2256.71,45,2,2025-06-09,True
INV2146,CUST129,2025-05-06,2025-05-06,5089.75,60,2,2025-06-22,True
INV2179,CUST106,2025-05-08,2025-05-07,5854.09,45,2,2025-07-17,True
INV2169,CUST134,2025-05-08,2025-05-06,2662.38,45,2,2025-08-31,True
INV2181,CUST113,2025-05-10,2025-05-09,19286.33,60,2,2025-06-19,True
INV2170,CUST111,2025-05-11,2025-05-09,4026.38,60,2,2025-10-02,True
INV2160,CUST133,2025-05-12,2025-05-10,7039.81,45,2,2025-06-15,True
INV2172,CUST129,2025-05-12,2025-05-12,7722.45,60,2,2025-08-18,True
INV2177,CUST132,2025-05-12,2025-05-11,2578.37,60,2,2025-07-06,True
INV2158,CUST123,2025-05-12,2025-05-11,2366.07,60,2,2025-11-02,True
INV2138,CUST104,2025-05-12,2025-05-10,6282.06,30,2,2025-08-26,True
INV2155,CUST132,2025-05-13,2025-05-13,7008.67,60,2,2025-08-15,True
INV2151,CUST108,2025-05-14,2025-05-13,7275.28,45,2,2025-09-29,True
INV2182,CUST131,2025-05-18,2025-05-16,1904.64,45,2,2025-06-25,True
INV2159,CUST120,2025-05-18,2025-05-17,3315.9,60,2,2025-07-27,True
INV2111,CUST114,2025-05-18,2025-05-17,6745.48,30,2,2025-10-02,True
INV2144,CUST101,2025-05-19,2025-05-17,3435.29,60,2,2025-07-25,True
INV2173,CUST127,2025-05-20,2025-05-19,12094.67,30,2,2025-05-29,True
INV2131,CUST106,2025-05-24,2025-05-22,6012.57,45,2,2025-07-02,True
INV2134,CUST118,2025-05-24,2025-05-22,5942.74,45,2,2025-07-21,True
INV2171,CUST129,2025-05-25,2025-05-23,1268.86,60,2,2025-07-01,True
INV2137,CUST134,2025-05-26,2025-05-26,9337.04,45,2,2025-07-02,True
INV2107,CUST127,2025-05-26,2025-05-24,3799.04,30,2,2025-07-27,True
INV2148,CUST100,2025-05-27,2025-05-27,12840.16,30,2,2025-06-13,True
INV2120,CUST110,2025-05-29,2025-05-28,2130.12,45,2,2025-07-07,True
INV2135,CUST124,2025-05-31,2025-05-31,4553.48,30,2,2025-06-24,True
INV2127,CUST115,2025-05-31,2025-05-31,4605.87,45,2,2025-07-08,True
INV2119,CUST132,2025-06-02,2025-06-02,3388.26,60,2,2025-08-02,True
INV2157,CUST111,2025-06-05,2025-06-03,924.44,60,2,2025-07-26,True
INV2152,CUST103,2025-06-05,2025-06-04,8376.66,45,2,2025-08-15,True
INV2116,CUST128,2025-06-05,2025-06-05,1510.11,60,2,2025-09-07,True
INV2121,CUST113,2025-06-06,2025-06-04,17278.99,60,2,2025-07-10,True
INV2147,CUST119,2025-06-06,2025-06-05,2031.4,30,2,2025-07-02,True
INV2149,CUST118,2025-06-08,2025-06-07,7720.5,45,2,2025-07-06,True
INV2108,CUST107,2025-06-10,2025-06-09,2577.03,45,2,2025-07-19,True
INV2174,CUST124,2025-06-11,2025-06-09,9508.01,30,2,2025-07-27,True
INV2136,CUST109,2025-06-12,2025-06-10,4338.23,30,2,2025-08-03,True
INV2167,CUST119,2025-06-13,2025-06-12,2480.94,30,2,2025-07-03,True
INV2140,CUST128,2025-06-14,2025-06-14,3815.18,60,2,2025-07-01,True
INV2126,CUST132,2025-06-16,2025-06-15,2806.71,60,2,2025-09-14,True
INV2183,CUST123,2025-06-19,2025-06-18,2267.07,60,2,2025-07-30,True
INV2122,CUST104,2025-06-22,2025-06-22,4603.96,30,2,2025-07-18,True
INV2176,CUST120,2025-06-25,2025-06-25,2590.03,60,2,2025-08-31,True
INV2197,CUST100,2025-06-27,2025-06-27,3788.03,30,2,2025-07-17,True
INV2188,CUST124,2025-06-27,2025-06-25,2207.8,30,2,2025-07-25,True
INV2206,CUST131,2025-06-27,2025-06-25,1471.12,45,2,2025-07-23,True
INV2201,CUST103,2025-06-27,2025-06-25,1803.18,45,2,2025-08-28,True
INV2205,CUST122,2025-06-28,2025-06-27,9505.99,30,2,2025-07-19,True
INV2202,CUST118,2025-06-28,2025-06-26,4819.53,45,2,2025-07-24,True
INV2200,CUST131,2025-06-28,2025-06-26,2786.97,45,2,2025-08-03,True
INV2210,CUST121,2025-06-28,2025-06-28,5051.83,60,2,2025-09-22,True
INV2196,CUST107,2025-06-28,2025-06-28,3286.43,45,2,2025-07-31,True
INV2208,CUST126,2025-06-28,2025-06-27,6179.83,45,2,2025-08-03,True
INV2186,CUST112,2025-06-28,2025-06-28,4872.3,60,2,2025-08-10,True
INV2191,CUST115,2025-06-28,2025-06-26,5003.55,45,2,2025-08-18,True
INV2190,CUST117,2025-06-28,2025-06-27,2954.99,60,2,2025-08-23,True
INV2189,CUST121,2025-06-28,2025-06-26,4392.1,60,2,2025-08-13,True
INV2195,CUST105,2025-06-28,2025-06-26,5572.61,60,2,2025-08-17,True
INV2424,CUST118,2025-06-29,2025-07-29,62000.0,45,2,2025-07-25,True
INV2199,CUST128,2025-06-29,2025-06-29,8466.72,60,2,2025-09-24,True
INV2193,CUST112,2025-06-29,2025-06-29,8832.73,60,2,2025-08-14,True
INV2209,CUST125,2025-06-29,2025-06-29,4931.54,45,2,2025-08-16,True
INV2204,CUST102,2025-06-29,2025-06-29,3012.4,60,2,2025-08-25,True
INV2194,CUST116,2025-06-30,2025-06-29,8101.82,30,2,2025-08-19,True
INV2187,CUST101,2025-06-30,2025-06-29,3247.86,60,2,2025-10-03,True
INV2203,CUST134,2025-06-30,2025-06-30,4043.73,45,2,2025-07-31,True
INV2192,CUST101,2025-06-30,2025-06-29,4385.89,60,2,2025-08-31,True
INV2198,CUST102,2025-06-30,2025-06-28,3149.6,60,2,2025-10-31,True
INV2207,CUST109,2025-06-30,2025-06-28,2394.45,30,2,2025-07-11,True
INV2238,CUST102,2025-07-01,2025-06-29,6169.83,60,3,2025-08-03,True
INV2287,CUST117,2025-07-03,2025-07-02,4150.17,60,3,2025-09-30,True
INV2211,CUST126,2025-07-04,2025-07-02,5752.54,45,3,,False
INV2237,CUST112,2025-07-04,2025-07-04,4663.17,60,3,2025-09-14,True
INV2247,CUST117,2025-07-04,2025-07-04,1766.42,60,3,2025-09-01,True
INV2246,CUST126,2025-07-08,2025-07-07,1554.22,45,3,2025-09-12,True
INV2288,CUST129,2025-07-08,2025-07-08,2440.04,60,3,2025-09-20,True
INV2261,CUST111,2025-07-11,2025-07-11,7860.64,60,3,2025-08-27,True
INV2283,CUST134,2025-07-11,2025-07-11,2138.87,45,3,2025-12-10,True
INV2223,CUST100,2025-07-12,2025-07-10,4296.43,30,3,2025-08-16,True
INV2245,CUST125,2025-07-12,2025-07-12,2373.22,45,3,2025-08-05,True
INV2266,CUST102,2025-07-12,2025-07-12,5247.38,60,3,2025-08-29,True
INV2217,CUST132,2025-07-12,2025-07-11,6414.22,60,3,2025-10-02,True
INV2273,CUST114,2025-07-15,2025-07-13,8717.3,30,3,2025-08-17,True
INV2248,CUST122,2025-07-15,2025-07-15,4609.85,30,3,2025-08-26,True
INV2280,CUST128,2025-07-16,2025-07-16,1758.02,60,3,2025-11-21,True
INV2233,CUST112,2025-07-16,2025-07-15,1097.39,60,3,2025-08-26,True
INV2229,CUST103,2025-07-19,2025-07-18,3556.76,45,3,2025-08-17,True
INV2243,CUST128,2025-07-22,2025-07-20,10255.56,60,3,2025-08-21,True
INV2253,CUST128,2025-07-22,2025-07-22,17448.28,60,3,2025-10-15,True
INV2213,CUST130,2025-07-24,2025-07-22,3436.9,60,3,2025-08-16,True
INV2249,CUST110,2025-07-24,2025-07-24,5980.78,45,3,,False
INV2234,CUST119,2025-07-25,2025-07-25,5173.16,30,3,2025-09-21,True
INV2291,CUST125,2025-07-26,2025-07-24,1521.14,45,3,2025-09-05,True
INV2275,CUST108,2025-07-26,2025-07-26,2699.34,45,3,2025-10-03,True
INV2230,CUST117,2025-07-27,2025-07-27,5572.56,60,3,2025-08-28,True
INV2244,CUST112,2025-07-29,2025-07-27,8251.78,60,3,2025-09-04,True
INV2263,CUST123,2025-07-30,2025-07-28,7772.31,60,3,2025-09-14,True
INV2272,CUST132,2025-07-30,2025-07-29,2317.83,60,3,2025-09-05,True
INV2214,CUST112,2025-07-30,2025-07-29,6239.19,60,3,2025-09-27,True
INV2219,CUST125,2025-07-31,2025-07-31,5625.96,45,3,2025-10-17,True
INV2262,CUST111,2025-07-31,2025-07-30,2213.28,60,3,2025-10-03,True
INV2242,CUST132,2025-08-02,2025-07-31,6493.34,60,3,2025-12-15,True
INV2267,CUST124,2025-08-02,2025-07-31,5912.18,30,3,2025-08-23,True
INV2258,CUST114,2025-08-03,2025-08-03,2489.24,30,3,2025-12-18,True
INV2268,CUST119,2025-08-04,2025-08-03,1853.54,30,3,2025-08-27,True
INV2240,CUST122,2025-08-04,2025-08-03,5260.44,30,3,2025-08-19,True
INV2290,CUST115,2025-08-05,2025-08-05,4422.97,45,3,2025-09-11,True
INV2216,CUST131,2025-08-06,2025-08-04,4713.05,45,3,2025-08-27,True
INV2225,CUST101,2025-08-08,2025-08-07,5690.14,60,3,2025-09-14,True
INV2264,CUST116,2025-08-11,2025-08-09,3122.02,30,3,2025-08-30,True
INV2281,CUST126,2025-08-14,2025-08-12,3987.89,45,3,2025-11-01,True
INV2279,CUST108,2025-08-14,2025-08-14,2990.37,45,3,2025-09-15,True
INV2254,CUST128,2025-08-15,2025-08-15,5996.81,60,3,2025-09-19,True
INV2241,CUST112,2025-08-16,2025-08-14,2653.39,60,3,2025-09-12,True
INV2286,CUST105,2025-08-18,2025-08-17,3352.76,60,3,2025-11-20,True
INV2282,CUST107,2025-08-20,2025-08-18,14827.31,45,3,2025-10-13,True
INV2259,CUST118,2025-08-20,2025-08-18,2696.05,45,3,2025-12-21,True
INV2278,CUST119,2025-08-20,2025-08-20,7205.88,30,3,2025-10-23,True
INV2235,CUST112,2025-08-22,2025-08-21,8323.35,60,3,2025-11-28,True
INV2236,CUST112,2025-08-24,2025-08-22,9076.41,60,3,2025-10-08,True
INV2292,CUST111,2025-08-24,2025-08-22,2679.76,60,3,2025-09-16,True
INV2218,CUST103,2025-08-24,2025-08-22,4272.91,45,3,2025-09-21,True
INV2226,CUST124,2025-08-24,2025-08-24,1720.0,30,3,2025-10-08,True
INV2270,CUST134,2025-08-25,2025-08-25,2089.75,45,3,2025-09-26,True
INV2215,CUST102,2025-08-27,2025-08-26,5813.18,60,3,2025-11-01,True
INV2277,CUST105,2025-08-27,2025-08-27,2170.17,60,3,2025-09-30,True
INV2269,CUST129,2025-08-27,2025-08-26,6427.39,60,3,2025-10-23,True
INV2227,CUST123,2025-08-27,2025-08-26,3942.42,60,3,2025-11-03,True
INV2222,CUST119,2025-08-28,2025-08-28,3779.64,30,3,2025-09-18,True
INV2271,CUST105,2025-08-30,2025-08-30,2204.3,60,3,2025-10-16,True
INV2252,CUST103,2025-08-30,2025-08-29,2681.86,45,3,2025-10-02,True
INV2265,CUST116,2025-08-31,2025-08-30,5728.36,30,3,,False
INV2228,CUST118,2025-09-01,2025-08-31,2140.8,45,3,2025-10-02,True
INV2224,CUST119,2025-09-04,2025-09-02,4955.72,30,3,2025-10-05,True
INV2220,CUST127,2025-09-04,2025-09-03,7900.63,30,3,2025-09-28,True
INV2274,CUST107,2025-09-05,2025-09-04,4019.62,45,3,,False
INV2289,CUST106,2025-09-05,2025-09-05,6908.02,45,3,2025-11-27,True
INV2293,CUST122,2025-09-06,2025-09-05,2718.79,30,3,2025-11-06,True
INV2284,CUST105,2025-09-10,2025-09-08,4157.22,60,3,2025-10-13,True
INV2231,CUST100,2025-09-10,2025-09-10,5163.11,30,3,2025-10-04,True
INV2256,CUST110,2025-09-10,2025-09-08,7433.75,45,3,2025-10-16,True
INV2251,CUST126,2025-09-13,2025-09-13,2328.3,45,3,2025-10-05,True
INV2276,CUST121,2025-09-13,2025-09-12,2239.08,60,3,,False
INV2212,CUST132,2025-09-15,2025-09-14,3875.17,60,3,,False
INV2285,CUST106,2025-09-18,2025-09-16,1669.01,45,3,2025-10-26,True
INV2250,CUST122,2025-09-18,2025-09-16,12909.23,30,3,2025-10-09,True
INV2260,CUST125,2025-09-21,2025-09-19,4521.56,45,3,2025-10-16,True
INV2255,CUST108,2025-09-21,2025-09-19,2591.59,45,3,2025-10-18,True
INV2221,CUST106,2025-09-25,2025-09-23,3560.7,45,3,2025-11-15,True
INV2257,CUST125,2025-09-26,2025-09-24,14787.31,45,3,2025-10-28,True
INV2232,CUST115,2025-09-26,2025-09-24,1759.52,45,3,2025-11-27,True
INV2239,CUST116,2025-09-26,2025-09-26,4586.51,30,3,2025-11-07,True
INV2310,CUST115,2025-09-27,2025-09-27,2823.72,45,3,2025-11-10,True
INV2313,CUST106,2025-09-27,2025-09-27,983.4,45,3,2025-10-11,True
INV2312,CUST112,2025-09-27,2025-09-26,4675.58,60,3,2025-11-16,True
INV2294,CUST131,2025-09-27,2025-09-26,5209.96,45,3,2025-10-26,True
INV2295,CUST128,2025-09-28,2025-09-26,22107.66,60,3,2025-11-11,True
INV2302,CUST129,2025-09-28,2025-09-26,1676.76,60,3,2025-11-09,True
INV2307,CUST108,2025-09-28,2025-09-26,3122.44,45,3,2025-11-06,True
INV2308,CUST106,2025-09-28,2025-09-26,4821.79,45,3,2025-10-29,True
INV2296,CUST117,2025-09-28,2025-09-26,2786.21,60,3,2025-12-18,True
INV2299,CUST126,2025-09-29,2025-09-28,2656.78,45,3,2025-12-16,True
INV2300,CUST107,2025-09-29,2025-09-29,1533.99,45,3,2025-10-26,True
INV2303,CUST104,2025-09-29,2025-09-27,5397.15,30,3,2025-10-25,True
INV2425,CUST124,2025-09-29,2025-10-19,38000.0,30,3,2025-10-19,True
INV2309,CUST102,2025-09-29,2025-09-29,1489.43,60,3,2025-11-18,True
INV2311,CUST117,2025-09-29,2025-09-27,4320.84,60,3,2025-11-12,True
INV2298,CUST106,2025-09-29,2025-09-27,3262.13,45,3,2025-11-15,True
INV2314,CUST113,2025-09-30,2025-09-29,1969.74,60,3,2025-12-26,True
INV2304,CUST117,2025-09-30,2025-09-29,1591.6,60,3,2025-11-28,True
INV2305,CUST125,2025-09-30,2025-09-30,4585.8,45,3,2025-11-09,True
INV2301,CUST110,2025-09-30,2025-09-28,3931.69,45,3,2025-10-18,True
INV2306,CUST106,2025-09-30,2025-09-29,3178.77,45,3,2025-10-27,True
INV2297,CUST103,2025-09-30,2025-09-28,3355.92,45,3,2025-10-21,True
INV2390,CUST121,2025-10-05,2025-10-04,4784.83,60,4,2025-11-14,True
INV2340,CUST127,2025-10-05,2025-10-04,2467.73,30,4,2025-10-13,True
INV2326,CUST130,2025-10-05,2025-10-03,6079.72,60,4,2025-12-22,True
INV2346,CUST116,2025-10-06,2025-10-04,4444.95,30,4,2025-10-26,True
INV2343,CUST113,2025-10-08,2025-10-06,5666.42,60,4,2025-12-15,True
INV2364,CUST109,2025-10-09,2025-10-09,3157.53,30,4,2025-10-31,True
INV2388,CUST109,2025-10-10,2025-10-08,6774.99,30,4,2025-11-24,True
INV2341,CUST116,2025-10-10,2025-10-10,3676.0,30,4,2025-12-08,True
INV2392,CUST100,2025-10-10,2025-10-10,2459.25,30,4,2025-10-31,True
INV2316,CUST125,2025-10-11,2025-10-10,2314.52,45,4,2025-11-08,True
INV2372,CUST130,2025-10-11,2025-10-09,2181.79,60,4,,False
INV2352,CUST114,2025-10-11,2025-10-10,4146.64,30,4,2025-10-24,True
INV2401,CUST127,2025-10-11,2025-10-11,6188.99,30,4,2025-11-04,True
INV2323,CUST109,2025-10-12,2025-10-12,9431.59,30,4,,False
INV2397,CUST107,2025-10-13,2025-10-13,9610.94,45,4,2025-12-22,True
INV2393,CUST101,2025-10-15,2025-10-13,5899.03,60,4,2025-12-05,True
INV2328,CUST128,2025-10-16,2025-10-16,3241.47,60,4,2025-11-29,True
INV2333,CUST103,2025-10-17,2025-10-15,7501.15,45,4,2025-11-01,True
INV2394,CUST102,2025-10-17,2025-10-16,4720.58,60,4,2025-11-11,True
INV2336,CUST129,2025-10-19,2025-10-18,8713.54,60,4,2025-11-03,True
INV2385,CUST133,2025-10-20,2025-10-19,4966.13,45,4,2025-12-12,True
INV2348,CUST134,2025-10-20,2025-10-18,3034.89,45,4,2025-11-19,True
INV2381,CUST124,2025-10-21,2025-10-21,2581.5,30,4,2025-11-05,True
INV2383,CUST119,2025-10-21,2025-10-20,2220.37,30,4,,False
INV2327,CUST102,2025-10-21,2025-10-19,2492.8,60,4,2025-12-10,True
INV2370,CUST109,2025-10-22,2025-10-20,1386.98,30,4,2025-11-20,True
INV2360,CUST118,2025-10-23,2025-10-22,3303.16,45,4,2025-12-06,True
INV2358,CUST100,2025-10-23,2025-10-21,10051.43,30,4,2025-11-12,True
INV2391,CUST120,2025-10-23,2025-10-23,1573.5,60,4,2025-11-22,True
INV2319,CUST122,2025-10-23,2025-10-22,4019.56,30,4,2025-12-12,True
INV2318,CUST106,2025-10-24,2025-10-22,1201.69,45,4,2025-11-16,True
INV2377,CUST112,2025-10-25,2025-10-25,1864.29,60,4,2025-11-29,True
INV2376,CUST103,2025-10-28,2025-10-27,10288.17,45,4,2025-11-18,True
INV2329,CUST110,2025-10-29,2025-10-28,2208.27,45,4,2025-12-14,True
INV2315,CUST122,2025-10-29,2025-10-27,1609.95,30,4,2025-11-21,True
INV2350,CUST100,2025-10-31,2025-10-29,4264.19,30,4,2025-11-19,True
INV2351,CUST119,2025-10-31,2025-10-31,2895.36,30,4,2025-11-14,True
INV2338,CUST121,2025-11-03,2025-11-03,7237.77,60,4,,False
INV2331,CUST104,2025-11-03,2025-11-01,4066.69,30,4,,False
INV2320,CUST133,2025-11-03,2025-11-01,3006.93,45,4,2025-12-09,True
INV2345,CUST110,2025-11-03,2025-11-03,10984.91,45,4,2025-11-27,True
INV2332,CUST108,2025-11-04,2025-11-04,4656.22,45,4,,False
INV2357,CUST100,2025-11-05,2025-11-05,5595.99,30,4,2025-11-27,True
INV2382,CUST134,2025-11-06,2025-11-05,3047.96,45,4,2025-11-26,True
INV2330,CUST131,2025-11-08,2025-11-08,6617.27,45,4,2025-12-19,True
INV2373,CUST124,2025-11-10,2025-11-10,6417.07,30,4,2025-11-30,True
INV2378,CUST103,2025-11-10,2025-11-10,5295.78,45,4,,False
INV2324,CUST133,2025-11-15,2025-11-13,1318.17,45,4,,False
INV2335,CUST133,2025-11-16,2025-11-14,9428.69,45,4,2025-12-10,True
INV2362,CUST121,2025-11-17,2025-11-17,9120.46,60,4,2025-12-18,True
INV2342,CUST128,2025-11-18,2025-11-18,5720.08,60,4,,False
INV2374,CUST116,2025-11-19,2025-11-19,2316.05,30,4,2025-11-28,True
INV2344,CUST124,2025-11-21,2025-11-20,5264.43,30,4,2025-12-05,True
INV2325,CUST108,2025-11-22,2025-11-20,1001.47,45,4,2025-12-27,True
INV2398,CUST105,2025-11-22,2025-11-22,5714.04,60,4,,False
INV2380,CUST125,2025-11-26,2025-11-25,1859.5,45,4,2025-12-30,True
INV2400,CUST133,2025-11-28,2025-11-27,10364.68,45,4,,False
INV2371,CUST108,2025-11-28,2025-11-26,5181.05,45,4,,False
INV2317,CUST109,2025-11-29,2025-11-27,6221.77,30,4,,False
INV2368,CUST122,2025-11-30,2025-11-29,6348.91,30,4,2025-12-20,True
INV2395,CUST102,2025-12-01,2025-11-30,3339.85,60,4,,False
INV2334,CUST124,2025-12-01,2025-11-30,2510.09,30,4,,False
INV2363,CUST114,2025-12-01,2025-11-29,3252.9,30,4,2025-12-28,True
INV2369,CUST121,2025-12-03,2025-12-01,4815.88,60,4,,False
INV2349,CUST108,2025-12-03,2025-12-02,2953.97,45,4,2025-12-24,True
INV2356,CUST103,2025-12-03,2025-12-02,1532.61,45,4,,False
INV2389,CUST105,2025-12-04,2025-12-03,2635.64,60,4,,False
INV2386,CUST110,2025-12-06,2025-12-05,10681.09,45,4,,False
INV2365,CUST134,2025-12-07,2025-12-06,2035.18,45,4,,False
INV2361,CUST117,2025-12-11,2025-12-09,1742.94,60,4,,False
INV2396,CUST121,2025-12-14,2025-12-14,7079.61,60,4,,False
INV2354,CUST101,2025-12-14,2025-12-12,2896.17,60,4,,False
INV2379,CUST129,2025-12-16,2025-12-15,6407.6,60,4,,False
INV2321,CUST111,2025-12-17,2025-12-15,3064.02,60,4,,False
INV2387,CUST134,2025-12-18,2025-12-18,932.79,45,4,,False
INV2337,CUST134,2025-12-18,2025-12-16,1933.15,45,4,,False
INV2355,CUST122,2025-12-18,2025-12-17,1237.41,30,4,,False
INV2384,CUST113,2025-12-19,2025-12-18,12428.27,60,4,,False
INV2399,CUST132,2025-12-20,2025-12-19,8051.03,60,4,,False
INV2367,CUST117,2025-12-22,2025-12-22,9742.94,60,4,,False
INV2347,CUST129,2025-12-23,2025-12-23,17493.55,60,4,,False
INV2359,CUST115,2025-12-23,2025-12-22,3785.96,45,4,,False
INV2366,CUST103,2025-12-23,2025-12-21,4111.49,45,4,,False
INV2353,CUST115,2025-12-24,2025-12-23,5665.48,45,4,,False
INV2375,CUST109,2025-12-24,2025-12-24,4310.52,30,4,,False
INV2339,CUST119,2025-12-25,2025-12-24,4335.17,30,4,,False
INV2322,CUST108,2025-12-26,2025-12-25,8380.36,45,4,,False
INV2405,CUST112,2025-12-28,2025-12-28,2608.2,60,4,,False
INV2406,CUST102,2025-12-28,2025-12-27,3334.95,60,4,,False
INV2420,CUST128,2025-12-28,2025-12-26,9403.39,60,4,,False
INV2417,CUST122,2025-12-29,2025-12-29,2940.65,30,4,,False
INV2415,CUST114,2025-12-29,2025-12-27,1520.1,30,4,,False
INV2414,CUST106,2025-12-29,2025-12-28,2572.41,45,4,,False
INV2408,CUST116,2025-12-29,2025-12-28,5094.3,30,4,,False
INV2422,CUST108,2025-12-29,2025-12-28,3162.88,45,4,,False
INV2426,CUST130,2025-12-30,2026-02-03,71000.0,60,4,,False
INV2413,CUST103,2025-12-30,2025-12-29,3970.17,45,4,,False
INV2407,CUST124,2025-12-30,2025-12-30,3284.48,30,4,,False
INV2404,CUST130,2025-12-30,2025-12-30,6197.82,60,4,,False
INV2403,CUST124,2025-12-30,2025-12-30,1503.31,30,4,,False
INV2419,CUST107,2025-12-30,2025-12-30,10603.16,45,4,,False
INV2421,CUST116,2025-12-31,2025-12-31,2069.4,30,4,,False
INV2412,CUST120,2025-12-31,2025-12-31,4335.56,60,4,,False
INV2416,CUST117,2025-12-31,2025-12-31,2632.98,60,4,,False
INV2411,CUST110,2025-12-31,2025-12-30,1627.56,45,4,,False
INV2410,CUST107,2025-12-31,2025-12-29,4131.7,45,4,,False
INV2409,CUST103,2025-12-31,2025-12-31,2312.13,45,4,,False
INV2402,CUST118,2025-12-31,2025-12-29,2350.86,45,4,,False
INV2418,CUST128,2025-12-31,2025-12-31,2669.23,60,4,,False
INV2427,CUST112,2025-12-31,2026-01-28,54000.0,60,4,,False
